{"cameraMode":{"drawMode":0,"name":"Shaded","section":"Shading Mode"},"sceneLighting":false,"audioPlay":false,"sceneViewState":{"m_AlwaysRefresh":false,"showFog":true,"showSkybox":false,"showFlares":true,"showImageEffects":true,"showParticleSystems":true,"showVisualEffectGraphs":true,"m_FxEnabled":true},"in2DMode":false,"pivot":{"x":-0.0005865171551704407,"y":-0.00005226791836321354,"z":-0.005919782444834709},"rotation":{"x":-0.02343856170773506,"y":0.9569641351699829,"z":-0.08088855445384979,"w":-0.2779344618320465},"size":0.01037896890193224,"orthographic":false}