{"cameraMode":{"drawMode":0,"name":"Shaded","section":"Shading Mode"},"sceneLighting":true,"audioPlay":false,"sceneViewState":{"m_AlwaysRefresh":false,"showFog":true,"showSkybox":true,"showFlares":true,"showImageEffects":true,"showParticleSystems":true,"showVisualEffectGraphs":true,"m_FxEnabled":true},"in2DMode":false,"pivot":{"x":-15.036701202392579,"y":0.8805992603302002,"z":-2.1638715267181398},"rotation":{"x":0.1152079626917839,"y":0.7499338984489441,"z":-0.1355169415473938,"w":0.6372445225715637},"size":0.07325100898742676,"orthographic":false}