{"cameraMode":{"drawMode":0,"name":"Shaded","section":"Shading Mode"},"sceneLighting":false,"audioPlay":false,"sceneViewState":{"m_AlwaysRefresh":false,"showFog":true,"showSkybox":false,"showFlares":true,"showImageEffects":true,"showParticleSystems":true,"showVisualEffectGraphs":true,"m_FxEnabled":true},"in2DMode":false,"pivot":{"x":-10.79285717010498,"y":3.5036280155181886,"z":3.9807629585266115},"rotation":{"x":-0.058943599462509158,"y":-0.8846263885498047,"z":0.11636560410261154,"w":-0.4477686583995819},"size":0.6866027116775513,"orthographic":false}